year,importer_name,export_value,exporter_name,import_value
2018,Afghanistan,1141761410.0,Afghanistan,27381314.0
2018,Albania,61240437.0,Albania,67398147.0
2018,Algeria,1066699060.0,Algeria,4756699813.0
2018,Andorra,3017699.0,Andorra,15839837.0
2018,Angola,705373726.0,Angola,2247131545.0
2018,Anguilla,99078162.0,Anguilla,4964116.0
2018,Antigua and Barbuda,432382921.0,Antigua and Barbuda,1953156.0
2018,Argentina,8064535850.0,Argentina,4620382148.0
2018,Armenia,117171194.0,Armenia,57333377.0
2018,Aruba,562208685.0,Aruba,9756152.0
2018,Australia,24103147752.0,Australia,9778266254.0
2018,Austria,4989909189.0,Austria,12953492934.0
2018,Azerbaijan,552602084.0,Azerbaijan,333835608.0
2018,Bahamas,2642955829.0,Bahamas,321923092.0
2018,Bahrain,1122437453.0,Bahrain,911043174.0
2018,Bangladesh,1750293532.0,Bangladesh,6279495678.0
2018,Barbados,546296734.0,Barbados,50465794.0
2018,Belarus,368211308.0,Belarus,312867697.0
2018,Belgium,26341527439.0,Belgium,17400761968.0
2018,Belize,388291773.0,Belize,97554402.0
2018,Benin,251031228.0,Benin,19333208.0
2018,Bermuda,548884309.0,Bermuda,13895218.0
2018,Bhutan,3334181.0,Bhutan,795903.0
2018,Bolivia,599262636.0,Bolivia,567111542.0
2018,Bosnia and Herzegovina,316899083.0,Bosnia and Herzegovina,95677332.0
2018,Botswana,73635065.0,Botswana,293194264.0
2018,Brazil,34168586264.0,Brazil,28984777701.0
2018,British Indian Ocean Territory,8935901.0,British Indian Ocean Territory,99601.0
2018,British Virgin Islands,385749736.0,British Virgin Islands,14737567.000000002
2018,Brunei,286005724.0,Brunei,54842800.0
2018,Bulgaria,360593598.0,Bulgaria,904751376.0
2018,Burkina Faso,139347547.0,Burkina Faso,8871979.0
2018,Burma,345065366.0,Burma,692949682.0
2018,Burundi,14265167.0,Burundi,14162374.0
2018,Cambodia,503622209.0,Cambodia,4057083315.0
2018,Cameroon,185184722.0,Cameroon,220557939.0
2018,Canada,262392356853.0,Canada,316284550156.0
2018,Cape Verde,7018499.0,Cape Verde,3497929.0
2018,Cayman Islands,627400045.0,Cayman Islands,13957692.0
2018,Central African Republic,7015389.0,Central African Republic,2900246.0
2018,Chad,50247724.0,Chad,494695249.0
2018,Chile,14226076762.0,Chile,10528002714.0
2018,China,127670758241.0,China,522625344531.0
2018,Chinese Taipei,32236542660.0,Chinese Taipei,44113255718.0
2018,Christmas Island,736259.0,Christmas Island,872552.0
2018,Cocos (Keeling) Islands,339713.0,Cocos (Keeling) Islands,2894738.0
2018,Colombia,13671307120.0,Colombia,11498274008.0
2018,Comoros,980981.0,Comoros,3010630.0
2018,Cook Islands,4428794.0,Cook Islands,912762.0
2018,Costa Rica,6343598533.0,Costa Rica,4718922425.0
2018,Cote d\'Ivoire,410651695.0,Cote d\'Ivoire,1213419756.0
2018,Croatia,309014922.0,Croatia,457241422.0
2018,Cuba,280837058.0,Cuba,1275914.0
2018,Curaçao,647128969.0,Curaçao,102079452.0
2018,Cyprus,116820934.0,Cyprus,104777430.0
2018,Czechia,3721519064.0,Czechia,4437692323.0
2018,Democratic Republic of the Congo,67969680.0,Democratic Republic of the Congo,49412624.0
2018,Denmark,2630425654.0,Denmark,9128692781.0
2018,Djibouti,100060728.0,Djibouti,2019374.0
2018,Dominica,129585136.0,Dominica,1195438.0
2018,Dominican Republic,8891243399.0,Dominican Republic,5660003241.0
2018,Ecuador,5452429043.0,Ecuador,6693032841.000001
2018,Egypt,4835669242.0,Egypt,2503279142.0
2018,El Salvador,3497456688.0,El Salvador,2497444805.0
2018,Equatorial Guinea,134919890.0,Equatorial Guinea,602337605.0
2018,Eritrea,7886001.0,Eritrea,192901.0
2018,Estonia,381044770.0,Estonia,1166832533.0
2018,Eswatini,30643006.0,Eswatini,15289982.0
2018,Ethiopia,195857048.0,Ethiopia,386324522.0
2018,Falkland Islands,199770.0,Falkland Islands,13130921.000000002
2018,Fiji,64549997.0,Fiji,387967164.0
2018,Finland,2025863388.0,Finland,6193191117.0
2018,France,28478852408.0,France,45700569165.0
2018,French Polynesia,107178120.0,French Polynesia,35545348.0
2018,French South Antarctic Territory,804609.0,French South Antarctic Territory,23520.0
2018,Gabon,97679471.0,Gabon,295735951.0
2018,Gambia,40929610.0,Gambia,560596.0
2018,Georgia,527945087.0,Georgia,192788767.0
2018,Germany,58744822009.0,Germany,128596306654.0
2018,Ghana,873177499.0,Ghana,627455996.0
2018,Gibraltar,990254974.9999999,Gibraltar,352951.0
2018,Greece,832082474.0,Greece,1860545220.0
2018,Greenland,9379477.0,Greenland,16296190.0
2018,Grenada,95495243.0,Grenada,15357591.0
2018,Guatemala,7363124467.0,Guatemala,3966877722.0
2018,Guinea,112082511.0,Guinea,5147041.0
2018,Guinea-Bissau,18452892.0,Guinea-Bissau,176025.0
2018,Guyana,442096791.0,Guyana,250731256.0
2018,Haiti,966772311.0,Haiti,1008240250.0
2018,Honduras,5118661573.0,Honduras,3711215304.0
2018,Hong Kong,33559626060.0,Hong Kong,4246624280.0
2018,Hungary,1957971033.0,Hungary,4420296552.0
2018,Iceland,562509937.0,Iceland,419530115.0
2018,India,32813145508.0,India,53475427418.0
2018,Indonesia,9603746652.0,Indonesia,20766414386.0
2018,Iran,442925526.0,Iran,65540640.0
2018,Iraq,1261532999.0,Iraq,12125183169.999998
2018,Ireland,19339190852.0,Ireland,49137806365.0
2018,Israel,9375432877.0,Israel,20347252838.0
2018,Italy,19247287650.0,Italy,50851643859.0
2018,Jamaica,2621185929.0,Jamaica,641108095.0000001
2018,Japan,75611988576.0,Japan,138971049626.0
2018,Jordan,1580921141.0,Jordan,1877249647.0
2018,Kazakhstan,1040197944.0,Kazakhstan,1440454773.0
2018,Kenya,250536390.0,Kenya,602695391.0
2018,Kiribati,1880198.0,Kiribati,3198483.0
2018,Kuwait,3043179544.0,Kuwait,1992718519.0
2018,Kyrgyzstan,92427631.0,Kyrgyzstan,8157590.0
2018,Laos,23442634.0,Laos,142750600.0
2018,Latvia,368801558.0,Latvia,700877478.0
2018,Lebanon,1480990631.0,Lebanon,98806139.0
2018,Lesotho,7244203.0,Lesotho,399848644.0
2018,Liberia,185617729.0,Liberia,65295684.00000001
2018,Libya,238006660.0,Libya,1447307962.0
2018,Lithuania,686036866.0,Lithuania,1381563427.0
2018,Luxembourg,1043430175.0,Luxembourg,521914786.0
2018,Macau,320202168.0,Macau,51094670.0
2018,Madagascar,133588694.0,Madagascar,762282373.0
2018,Malawi,14111924.0,Malawi,58409641.0
2018,Malaysia,13931120727.0,Malaysia,35149879499.0
2018,Maldives,47640761.0,Maldives,33413830.0
2018,Mali,120564741.0,Mali,23632415.0
2018,Malta,262888741.0,Malta,209520850.0
2018,Marshall Islands,258003479.0,Marshall Islands,11984643.0
2018,Mauritania,86485417.0,Mauritania,6490612.0
2018,Mauritius,171651961.0,Mauritius,357037308.0
2018,Mexico,254152819601.0,Mexico,340051922013.0
2018,Micronesia,37715119.0,Micronesia,783747.0
2018,Moldova,11649295.0,Moldova,57249349.0
2018,Mongolia,205553009.0,Mongolia,9805006.0
2018,Montenegro,71772861.0,Montenegro,2097694.0
2018,Montserrat,10570974.0,Montserrat,802089.0
2018,Morocco,4027454432.0,Morocco,1620399901.0
2018,Mozambique,263242306.00000003,Mozambique,130313122.0
2018,Namibia,163557179.0,Namibia,126520312.0
2018,Nauru,760618.0,Nauru,2676563.0
2018,Nepal,34476971.0,Nepal,102587594.0
2018,Netherlands,45082741827.0,Netherlands,22112133515.0
2018,New Caledonia,50369696.0,New Caledonia,56377267.00000001
2018,New Zealand,3970787253.0,New Zealand,3992065311.0
2018,Nicaragua,1781479217.0,Nicaragua,3045176194.0
2018,Niger,117220170.0,Niger,33489195.0
2018,Nigeria,2473783024.0,Nigeria,5720083433.0
2018,Niue,1193223.0,Niue,334731.0
2018,Norfolk Island,179163.0,Norfolk Island,740131.0
2018,North Macedonia,228698306.0,North Macedonia,309452973.0
2018,Norway,5793755195.0,Norway,6296110869.0
2018,Oman,1225415405.0,Oman,1157518465.0
2018,Pakistan,3331069858.0,Pakistan,3845582090.0
2018,Palau,49124982.0,Palau,1194446.0
2018,Palestine,2593081.0,Palestine,3872096.0
2018,Panama,6366727651.0,Panama,2328048338.0
2018,Papua New Guinea,73558068.0,Papua New Guinea,83586779.0
2018,Paraguay,1312354510.0,Paraguay,135916060.0
2018,Peru,9321293080.0,Peru,8131644783.0
2018,Philippines,8338667068.0,Philippines,12704469541.0
2018,Pitcairn Islands,80179.0,Pitcairn Islands,7265.0
2018,Poland,5245037288.0,Poland,7572538775.0
2018,Portugal,1678703461.0,Portugal,3874631085.0
2018,Qatar,2417500967.0,Qatar,1543703288.0
2018,Republic of the Congo,106943388.00000001,Republic of the Congo,472841088.0
2018,Romania,1097245930.0,Romania,2439299866.0
2018,Russia,9286433420.0,Russia,17903262424.0
2018,Rwanda,42599659.0,Rwanda,49736351.0
2018,Saint Helena,687587.0,Saint Helena,13962654.0
2018,Saint Kitts and Nevis,181049357.0,Saint Kitts and Nevis,40349301.0
2018,Saint Lucia,534356153.0,Saint Lucia,8027955.000000001
2018,Saint Martin,631861005.0,Saint Martin,2218220.0
2018,Saint Pierre and Miquelon,112317.0,Saint Pierre and Miquelon,9604.0
2018,Saint Vincent and the Grenadines,67271550.0,Saint Vincent and the Grenadines,5099632.0
2018,Samoa,29531162.0,Samoa,7263485.0
2018,San Marino,1539844.0,San Marino,11870969.0
2018,Sao Tome and Principe,1963043.0,Sao Tome and Principe,693699.0000000001
2018,Saudi Arabia,12528203634.0,Saudi Arabia,24372629767.0
2018,Senegal,274774699.0,Senegal,125051376.0
2018,Serbia,371974802.0,Serbia,308200942.0
2018,Seychelles,20614857.0,Seychelles,10980997.0
2018,Sierra Leone,67955970.0,Sierra Leone,56392081.0
2018,Singapore,31782131072.0,Singapore,23244158948.0
2018,Slovakia,588013591.0,Slovakia,3856405840.0
2018,Slovenia,856612648.0,Slovenia,771640127.0
2018,Solomon Islands,6220531.0,Solomon Islands,4299911.0
2018,Somalia,47194855.0,Somalia,1312929.0
2018,South Africa,5287012720.0,South Africa,7354226705.0
2018,South Korea,56903148099.0,South Korea,73110078018.0
2018,South Sudan,22879672.0,South Sudan,15594.0
2018,Spain,14291238770.0,Spain,16644839384.0
2018,Sri Lanka,358566573.0,Sri Lanka,2778749042.0
2018,Sudan,154784957.0,Sudan,20177497.0
2018,Suriname,342174215.0,Suriname,77534096.0
2018,Sweden,4548891064.0,Sweden,11661860858.0
2018,Switzerland,20760648772.0,Switzerland,34307256256.0
2018,Syria,5275415.0,Syria,5275491.0
2018,Tajikistan,13982142.0,Tajikistan,612822.0
2018,Tanzania,243671109.0,Tanzania,199520775.0
2018,Thailand,13415663277.0,Thailand,30633036373.0
2018,Timor-Leste,1393660.0,Timor-Leste,7562026.0
2018,Togo,668547941.0,Togo,12335200.0
2018,Tokelau,3370079.0,Tokelau,4768521.0
2018,Tonga,19021106.0,Tonga,3546520.0
2018,Trinidad and Tobago,1894271407.0,Trinidad and Tobago,3707230703.0
2018,Tunisia,768430042.0,Tunisia,638095836.0
2018,Turkey,11889412918.0,Turkey,9304155786.0
2018,Turkmenistan,28443507.0,Turkmenistan,8557593.0
2018,Turks and Caicos Islands,203001642.0,Turks and Caicos Islands,3624288.0
2018,Tuvalu,1213006.0,Tuvalu,51554.00000000001
2018,Uganda,108765629.0,Uganda,54176092.0
2018,Ukraine,2158773344.0,Ukraine,1387167228.0
2018,United Arab Emirates,18912519369.0,United Arab Emirates,5794171970.0
2018,United Kingdom,55618352454.0,United Kingdom,59798084228.0
2018,Uruguay,886959920.0,Uruguay,466178573.0
2018,Uzbekistan,312074966.0,Uzbekistan,8949874.0
2018,Vanuatu,6033390.0,Vanuatu,7343931.0
2018,Venezuela,5973515152.0,Venezuela,13502612840.0
2018,Vietnam,10295176383.0,Vietnam,49203451665.0
2018,Wallis and Futuna,1021123.0,Wallis and Futuna,15719.999999999998
2018,Yemen,248885468.0,Yemen,2193773.0
2018,Zambia,185990183.0,Zambia,158046242.0
2018,Zimbabwe,50114620.0,Zimbabwe,77354979.0
2019,Afghanistan,596059191.0,Afghanistan,35880247.0
2019,Albania,84994056.0,Albania,54163710.0
2019,Algeria,975288842.0,Algeria,2543972303.0
2019,Andorra,3285451.0,Andorra,12101401.999999998
2019,Angola,654250958.0,Angola,1037674446.0
2019,Anguilla,76746777.0,Anguilla,2009660.0
2019,Antigua and Barbuda,401120587.0,Antigua and Barbuda,4199629.0
2019,Argentina,6626917191.0,Argentina,4558018094.0
2019,Armenia,129990753.0,Armenia,65009213.0
2019,Aruba,478437690.0,Aruba,7601356.0
2019,Australia,25178511975.0,Australia,10546997963.0
2019,Austria,6698597211.0,Austria,12322081374.0
2019,Azerbaijan,577035537.0,Azerbaijan,26370519.0
2019,Bahamas,2948383404.0,Bahamas,222136000.0
2019,Bahrain,887726528.0,Bahrain,979040515.0
2019,Bangladesh,1627968391.0,Bangladesh,6865760318.0
2019,Barbados,612317042.0,Barbados,99052020.0
2019,Belarus,397301688.0,Belarus,217660307.0
2019,Belgium,31315235339.0,Belgium,20897895115.0
2019,Belize,399513171.0,Belize,86865587.0
2019,Benin,274116202.0,Benin,24053092.0
2019,Bermuda,572502646.0,Bermuda,24289488.0
2019,Bhutan,2746827.0,Bhutan,556984.0
2019,Bolivia,562763713.0,Bolivia,463656785.0
2019,Bosnia and Herzegovina,319331334.0,Bosnia and Herzegovina,105341932.0
2019,Botswana,119033055.0,Botswana,199355322.0
2019,Brazil,35904178083.0,Brazil,29752489444.0
2019,British Indian Ocean Territory,22433598.0,British Indian Ocean Territory,775673.0000000001
2019,British Virgin Islands,342251390.0,British Virgin Islands,1585452.0
2019,Brunei,260518148.0,Brunei,40510985.0
2019,Bulgaria,385479392.0,Bulgaria,854959868.0
2019,Burkina Faso,190449133.0,Burkina Faso,7574894.0
2019,Burma,418933084.0,Burma,994358600.0
2019,Burundi,13774185.0,Burundi,10335269.0
2019,Cambodia,571274700.0,Cambodia,5762847542.0
2019,Cameroon,224409554.0,Cameroon,326516150.0
2019,Canada,254210307215.0,Canada,314255944092.0
2019,Cape Verde,14139910.0,Cape Verde,3687782.0
2019,Cayman Islands,703538485.0,Cayman Islands,33042722.0
2019,Central African Republic,33528566.0,Central African Republic,3507365.0
2019,Chad,77638193.0,Chad,135566665.0
2019,Chile,13885993369.0,Chile,9659311763.0
2019,China,105047801883.0,China,443691149212.0
2019,Chinese Taipei,31113558127.0,Chinese Taipei,51710882875.0
2019,Christmas Island,1494545.0,Christmas Island,468754.0
2019,Cocos (Keeling) Islands,78773.0,Cocos (Keeling) Islands,2595674.0
2019,Colombia,13754610182.0,Colombia,12443324117.0
2019,Comoros,1503326.0,Comoros,2071779.0
2019,Cook Islands,7444310.0,Cook Islands,476767.0
2019,Costa Rica,6032919928.0,Costa Rica,4953232537.0
2019,Cote d\'Ivoire,526477770.0,Cote d\'Ivoire,925314489.0
2019,Croatia,565550331.0,Croatia,534666466.0
2019,Cuba,279474239.0,Cuba,2587421.0
2019,Curaçao,369348116.0,Curaçao,66829275.0
2019,Cyprus,165686903.0,Cyprus,68913844.0
2019,Czechia,3633227455.0,Czechia,5039814146.0
2019,Democratic Republic of the Congo,122533649.0,Democratic Republic of the Congo,21279322.0
2019,Denmark,3073176423.0,Denmark,11352913667.0
2019,Djibouti,140385892.0,Djibouti,2626225.0
2019,Dominica,322510364.0,Dominica,1195559.0
2019,Dominican Republic,9425396963.0,Dominican Republic,6020567645.0
2019,Ecuador,5892645966.0,Ecuador,6750189342.000001
2019,Egypt,4420954912.0,Egypt,3259371953.0
2019,El Salvador,3400929549.0,El Salvador,2427598301.0
2019,Equatorial Guinea,210727810.0,Equatorial Guinea,343808615.00000006
2019,Eritrea,13790124.0,Eritrea,126056.0
2019,Estonia,429815582.0,Estonia,1135164923.0
2019,Eswatini,35615186.0,Eswatini,25820304.0
2019,Ethiopia,418433259.0,Ethiopia,503415780.0
2019,Falkland Islands,295863.0,Falkland Islands,19275630.0
2019,Fiji,76390511.0,Fiji,414354360.0
2019,Finland,2105497676.0,Finland,6359109155.0
2019,France,31926944969.0,France,46719346049.0
2019,French Polynesia,486032084.0,French Polynesia,39418652.0
2019,French South Antarctic Territory,1691560.0,French South Antarctic Territory,126265.0
2019,Gabon,126904880.0,Gabon,120647803.0
2019,Gambia,44546452.0,Gambia,528951.0
2019,Georgia,712943287.0,Georgia,156828669.0
2019,Germany,63547741649.0,Germany,128684585608.0
2019,Ghana,964906297.0,Ghana,978393786.0
2019,Gibraltar,1048530147.0,Gibraltar,9307977.0
2019,Greece,1183520310.0,Greece,1609239816.0
2019,Greenland,11039102.999999998,Greenland,25011981.000000004
2019,Grenada,99931284.0,Grenada,14568771.0
2019,Guatemala,7349559541.0,Guatemala,3888922601.0
2019,Guinea,112254731.0,Guinea,6840520.0
2019,Guinea-Bissau,1179612.0,Guinea-Bissau,1868009.0
2019,Guyana,834174720.0,Guyana,144783321.0
2019,Haiti,973162302.0,Haiti,1084569543.0
2019,Honduras,5292158498.0,Honduras,4405443992.0
2019,Hong Kong,28290854090.0,Hong Kong,3033512715.0
2019,Hungary,2312999881.0,Hungary,4112695980.0
2019,Iceland,451392996.0,Iceland,434062986.0
2019,India,34582894372.0,India,55840386253.0
2019,Indonesia,8785781372.0,Indonesia,19985383445.0
2019,Iran,133548844.0,Iran,1564687.0
2019,Iraq,1209440217.0,Iraq,7215053126.0
2019,Ireland,17071483679.0,Ireland,51420996179.0
2019,Israel,13175306432.0,Israel,18514825223.0
2019,Italy,19016684763.0,Italy,52142305962.0
2019,Jamaica,2731660620.0,Jamaica,493639373.0
2019,Japan,71958226204.0,Japan,138402177976.0
2019,Jordan,1390222076.0,Jordan,2240994089.0
2019,Kazakhstan,1111988419.0,Kazakhstan,1210066646.0
2019,Kenya,461439930.0,Kenya,535615028.0
2019,Kiribati,1357410.0,Kiribati,2898003.0
2019,Kuwait,3304993915.0,Kuwait,1321304226.0
2019,Kyrgyzstan,62186935.0,Kyrgyzstan,5812027.0
2019,Laos,58282617.0,Laos,149341700.0
2019,Latvia,254647324.0,Latvia,647210053.0
2019,Lebanon,1643135670.0,Lebanon,92332504.0
2019,Lesotho,1138400.0,Lesotho,332209708.0
2019,Liberia,107284141.0,Liberia,71448709.0
2019,Libya,426496697.99999994,Libya,833218121.0
2019,Lithuania,839589466.0,Lithuania,1156754406.0
2019,Luxembourg,1124962054.0,Luxembourg,598889746.0
2019,Macau,301614811.0,Macau,55191280.0
2019,Madagascar,65376120.0,Madagascar,687425085.0
2019,Malawi,40716632.0,Malawi,94664344.0
2019,Malaysia,14226389721.0,Malaysia,35829247721.0
2019,Maldives,50839030.0,Maldives,30075631.0
2019,Mali,135068214.0,Mali,14796239.0
2019,Malta,184358643.0,Malta,174636313.0
2019,Marshall Islands,88303608.0,Marshall Islands,9691432.0
2019,Mauritania,89060026.0,Mauritania,3511581.0
2019,Mauritius,123592728.0,Mauritius,315832000.0
2019,Mexico,244876240251.0,Mexico,352255843771.0
2019,Micronesia,38204673.0,Micronesia,1595803.0
2019,Moldova,18714365.0,Moldova,66756505.0
2019,Mongolia,284941788.0,Mongolia,28128668.0
2019,Montenegro,35457990.0,Montenegro,3504536.0
2019,Montserrat,11313270.0,Montserrat,1255230.0
2019,Morocco,3778089154.0,Morocco,1541593558.0
2019,Mozambique,229996726.0,Mozambique,147799382.0
2019,Namibia,182616179.0,Namibia,134438873.0
2019,Nauru,1166496.0,Nauru,4079710.0
2019,Nepal,163661680.0,Nepal,106369290.0
2019,Netherlands,47685278980.0,Netherlands,22773457501.0
2019,New Caledonia,59373562.0,New Caledonia,43230769.0
2019,New Zealand,3898924915.0,New Zealand,3875055277.0
2019,Nicaragua,1814650640.0,Nicaragua,3304812486.0
2019,Niger,131913757.0,Niger,11424192.0
2019,Nigeria,3028628209.0,Nigeria,4676881644.0
2019,Niue,239877.0,Niue,339136.0
2019,Norfolk Island,11710.0,Norfolk Island,78091.0
2019,North Macedonia,296064292.0,North Macedonia,229247744.0
2019,Norway,5629631422.0,Norway,5043783391.0
2019,Oman,1085983542.0,Oman,1074038354.0
2019,Pakistan,3062865377.0,Pakistan,4048243068.0
2019,Palau,16886263.0,Palau,1597578.0
2019,Palestine,3324555.0,Palestine,4427305.0
2019,Panama,7302061593.0,Panama,1246038502.0
2019,Papua New Guinea,138085251.0,Papua New Guinea,77311658.0
2019,Paraguay,1315039236.0,Paraguay,190390350.0
2019,Peru,8951164480.0,Peru,5786371358.0
2019,Philippines,8232911853.0,Philippines,13247620490.0
2019,Pitcairn Islands,3372.0,Pitcairn Islands,12288.0
2019,Poland,6640863388.0,Poland,7821764008.0
2019,Portugal,1693084467.0,Portugal,3759170784.0
2019,Qatar,3572219842.0,Qatar,1645762889.0
2019,Republic of the Congo,110850162.0,Republic of the Congo,241004366.0
2019,Romania,1009084030.0,Romania,2217596773.0
2019,Russia,9815061630.0,Russia,19889864374.000004
2019,Rwanda,17499298.0,Rwanda,46392261.0
2019,Saint Helena,560061.0,Saint Helena,11177227.0
2019,Saint Kitts and Nevis,185171036.0,Saint Kitts and Nevis,42334685.0
2019,Saint Lucia,743826106.0,Saint Lucia,11763571.0
2019,Saint Martin,651863366.0,Saint Martin,6739549.0
2019,Saint Pierre and Miquelon,72789.0,Saint Pierre and Miquelon,29204.0
2019,Saint Vincent and the Grenadines,71978325.0,Saint Vincent and the Grenadines,4879562.0
2019,Samoa,49439549.0,Samoa,7633819.000000001
2019,San Marino,726689.0,San Marino,12068747.0
2019,Sao Tome and Principe,2616471.0,Sao Tome and Principe,989914.0
2019,Saudi Arabia,12457486277.0,Saudi Arabia,13601727536.0
2019,Senegal,235145611.0,Senegal,149372359.0
2019,Serbia,452994932.0,Serbia,373002126.0
2019,Seychelles,22976302.0,Seychelles,14176302.0
2019,Sierra Leone,73925292.0,Sierra Leone,27407859.0
2019,Singapore,30448952537.0,Singapore,24087912840.0
2019,Slovakia,726572189.0,Slovakia,3322495430.0000005
2019,Slovenia,677187906.0,Slovenia,813801061.0
2019,Solomon Islands,11010429.0,Solomon Islands,5261466.0
2019,Somalia,102243071.0,Somalia,1067518.0
2019,South Africa,5550657658.0,South Africa,6975430285.0
2019,South Korea,59658661271.0,South Korea,75871641746.0
2019,South Sudan,21783654.0,South Sudan,70376259.0
2019,Spain,16160664065.0,Spain,16951053665.0
2019,Sri Lanka,531235380.0,Sri Lanka,3155842559.0
2019,Sudan,73368521.0,Sudan,22712453.999999996
2019,Suriname,348244644.0,Suriname,80525573.0
2019,Sweden,4651642095.0,Sweden,12560048265.0
2019,Switzerland,18062079290.0,Switzerland,35344577120.0
2019,Syria,4045607.0,Syria,5970502.0
2019,Tajikistan,10791373.0,Tajikistan,2117716.0
2019,Tanzania,255675773.0,Tanzania,129681658.0
2019,Thailand,12844522523.0,Thailand,34004887611.0
2019,Timor-Leste,4592774.0,Timor-Leste,5133332.0
2019,Togo,443931706.0,Togo,14421283.0
2019,Tokelau,158864.0,Tokelau,917699.0
2019,Tonga,16241488.0,Tonga,5720440.0
2019,Trinidad and Tobago,2596393244.0,Trinidad and Tobago,3504786433.0
2019,Tunisia,613567157.0,Tunisia,445255836.0
2019,Turkey,11201399138.0,Turkey,9521182682.0
2019,Turkmenistan,25692818.0,Turkmenistan,14967599.0
2019,Turks and Caicos Islands,200478709.0,Turks and Caicos Islands,2175578.0
2019,Tuvalu,789444.0,Tuvalu,117033.0
2019,Uganda,115552741.0,Uganda,56939931.0
2019,Ukraine,2231086261.0,Ukraine,1321199676.0
2019,United Arab Emirates,17766917469.0,United Arab Emirates,4759536195.0
2019,United Kingdom,48132268835.0,United Kingdom,62063633796.0
2019,Uruguay,950600985.0,Uruguay,476827558.0
2019,Uzbekistan,552727585.0,Uzbekistan,12223323.0
2019,Vanuatu,2756951.0,Vanuatu,6449476.0
2019,Venezuela,1227237627.0,Venezuela,2006578785.0
2019,Vietnam,11662816942.0,Vietnam,65512785406.0
2019,Wallis and Futuna,443399.0,Wallis and Futuna,43845.0
2019,Yemen,403409265.0,Yemen,4733750.0
2019,Zambia,157798607.0,Zambia,63148561.99999999
2019,Zimbabwe,53258519.0,Zimbabwe,44755945.0
2020,Afghanistan,602882905.0,Afghanistan,15233227.0
2020,Albania,75061837.0,Albania,47022391.0
2020,Algeria,705817183.0,Algeria,494313047.0
2020,Andorra,3617092.0,Andorra,5413495.0
2020,Angola,555054239.0,Angola,486024882.0
2020,Anguilla,41245960.0,Anguilla,1242383.0
2020,Antigua and Barbuda,268632344.0,Antigua and Barbuda,2684338.0
2020,Argentina,4781976024.0,Argentina,3557845460.0
2020,Armenia,67657895.0,Armenia,69138819.0
2020,Aruba,291259226.0,Aruba,4906037.0
2020,Australia,24597226239.0,Australia,13566093126.0
2020,Austria,4614942570.0,Austria,11002821276.0
2020,Azerbaijan,363532442.0,Azerbaijan,33143395.000000004
2020,Bahamas,2543239835.0,Bahamas,286906902.0
2020,Bahrain,861504139.0,Bahrain,778393136.0
2020,Bangladesh,1790733154.0,Bangladesh,6262581240.0
2020,Barbados,584308838.0,Barbados,54266316.0
2020,Belarus,384934268.0,Belarus,204578302.0
2020,Belgium,24895013884.0,Belgium,22297864958.0
2020,Belize,358260526.0,Belize,70975149.0
2020,Benin,222032308.0,Benin,13686642.0
2020,Bermuda,424071694.0,Bermuda,20309856.0
2020,Bhutan,2791777.0,Bhutan,396726.0
2020,Bolivia,547632686.0,Bolivia,330442363.0
2020,Bosnia and Herzegovina,232751801.0,Bosnia and Herzegovina,84231958.0
2020,Botswana,44275769.0,Botswana,177243657.0
2020,Brazil,29616712857.0,Brazil,21688530069.0
2020,British Indian Ocean Territory,6521073.0,British Indian Ocean Territory,161927.0
2020,British Virgin Islands,176025525.0,British Virgin Islands,4416575.0
2020,Brunei,233237055.0,Brunei,77825212.0
2020,Bulgaria,449492853.0,Bulgaria,846504062.0
2020,Burkina Faso,224705465.0,Burkina Faso,9604937.0
2020,Burma,394039021.0,Burma,1172147953.0
2020,Burundi,13562796.0,Burundi,4546828.0
2020,Cambodia,404221343.0,Cambodia,6973364859.0
2020,Cameroon,252037980.0,Cameroon,324857859.0
2020,Canada,219925896896.0,Canada,264324559226.0
2020,Cape Verde,37242656.0,Cape Verde,5015897.0
2020,Cayman Islands,658314022.0,Cayman Islands,15524156.0
2020,Central African Republic,20781164.0,Central African Republic,920973.0
2020,Chad,43905582.0,Chad,3526156.0
2020,Chile,10801231464.0,Chile,9937339127.0
2020,China,123191732784.0,China,439039014609.0
2020,Chinese Taipei,29404388251.0,Chinese Taipei,58351979615.0
2020,Christmas Island,1870855.0,Christmas Island,451597.0
2020,Cocos (Keeling) Islands,113950.0,Cocos (Keeling) Islands,1584234.0
2020,Colombia,11005256793.0,Colombia,9636971830.0
2020,Comoros,1428259.0,Comoros,3433493.0
2020,Cook Islands,2707705.0,Cook Islands,2447192.0
2020,Costa Rica,5393462678.0,Costa Rica,5222395523.0
2020,Cote d\'Ivoire,346093756.0,Cote d\'Ivoire,952523913.0
2020,Croatia,332367192.0,Croatia,615630850.0
2020,Cuba,172059133.0,Cuba,4906222.0
2020,Curaçao,298192880.0,Curaçao,20236445.0
2020,Cyprus,92603442.0,Cyprus,72001988.0
2020,Czechia,3588246090.0,Czechia,4820214686.0
2020,Democratic Republic of the Congo,145205385.0,Democratic Republic of the Congo,29457776.0
2020,Denmark,2863884346.0,Denmark,11867527498.0
2020,Djibouti,167463420.0,Djibouti,2200295.0
2020,Dominica,108216125.0,Dominica,1797751.0
2020,Dominican Republic,7538086359.0,Dominican Republic,5432503232.0
2020,Ecuador,4288678803.0,Ecuador,5135418208.0
2020,Egypt,4618578135.0,Egypt,2184792220.0
2020,El Salvador,2718219436.0,El Salvador,1895709494.0
2020,Equatorial Guinea,94832296.0,Equatorial Guinea,129304429.00000001
2020,Eritrea,17987742.000000004,Eritrea,280936.0
2020,Estonia,446931457.0,Estonia,1291300365.9999998
2020,Eswatini,38577100.0,Eswatini,27299356.0
2020,Ethiopia,585918767.0,Ethiopia,459140504.0
2020,Falkland Islands,280492.0,Falkland Islands,11742821.0
2020,Fiji,60329705.0,Fiji,326933208.0
2020,Finland,1919206251.0,Finland,6261753099.0
2020,France,25641838562.0,France,38426897716.0
2020,French Polynesia,161276229.0,French Polynesia,19008137.0
2020,French South Antarctic Territory,803256.0,French South Antarctic Territory,73270.0
2020,Gabon,370124119.0,Gabon,189942629.0
2020,Gambia,39904303.0,Gambia,1044625.0
2020,Georgia,579654463.0,Georgia,132763716.0
2020,Germany,63514540428.0,Germany,113568954022.0
2020,Ghana,787197513.0,Ghana,744587839.0
2020,Gibraltar,790164902.0,Gibraltar,20936203.0
2020,Greece,1126801968.0,Greece,1320714818.0
2020,Greenland,6370520.0,Greenland,29015749.0
2020,Grenada,79877084.0,Grenada,12613437.0
2020,Guatemala,6374795445.0,Guatemala,3721600911.0
2020,Guinea,120419469.0,Guinea,7822970.0
2020,Guinea-Bissau,1784598.0,Guinea-Bissau,923895.0
2020,Guyana,706518308.0,Guyana,1374818788.0
2020,Haiti,976019809.0,Haiti,853470066.0
2020,Honduras,3982891843.0,Honduras,3767202937.0
2020,Hong Kong,22326956889.0,Hong Kong,3945196134.0000005
2020,Hungary,2183015326.0,Hungary,3806295748.0
2020,Iceland,335410592.0,Iceland,385082560.0
2020,India,27352410702.0,India,49699948806.0
2020,Indonesia,8275103058.0,Indonesia,20137207805.0
2020,Iran,75738233.0,Iran,3884853.0
2020,Iraq,729347336.0,Iraq,3266335814.0
2020,Ireland,13080746224.000002,Ireland,57367042091.0
2020,Israel,8518954173.0,Israel,14603907629.0
2020,Italy,18044907334.0,Italy,48114643840.0
2020,Jamaica,1828828069.0,Jamaica,467305971.0
2020,Japan,65260545904.0,Japan,116354582785.0
2020,Jordan,1433524548.0,Jordan,2413700926.0
2020,Kazakhstan,909692170.0,Kazakhstan,987239464.0
2020,Kenya,453572420.0,Kenya,496177081.0
2020,Kiribati,1965084.0,Kiribati,2115915.0
2020,Kuwait,2240830861.0,Kuwait,619326972.0
2020,Kyrgyzstan,85087120.0,Kyrgyzstan,5839484.0
2020,Laos,94899873.0,Laos,102741705.0
2020,Latvia,211221875.0,Latvia,505876922.0
2020,Lebanon,900128465.0,Lebanon,192373519.0
2020,Lesotho,4322155.0,Lesotho,274722850.0
2020,Liberia,88467637.0,Liberia,48108074.99999999
2020,Libya,291968864.0,Libya,224821664.0
2020,Lithuania,923685802.0,Lithuania,1378741061.0
2020,Luxembourg,785102187.0,Luxembourg,428061772.0
2020,Macau,269953197.0,Macau,93065447.0
2020,Madagascar,43104171.0,Madagascar,537957017.0
2020,Malawi,26389362.0,Malawi,46393283.0
2020,Malaysia,14068416529.0,Malaysia,39582724970.0
2020,Maldives,19263318.0,Maldives,16195912.0
2020,Mali,94209955.0,Mali,1971731.0
2020,Malta,137898863.0,Malta,198493085.0
2020,Marshall Islands,128960565.0,Marshall Islands,31477880.0
2020,Mauritania,135387340.0,Mauritania,5714254.0
2020,Mauritius,77813677.0,Mauritius,216585813.0
2020,Mexico,203817540166.0,Mexico,320310833080.0
2020,Micronesia,50129095.0,Micronesia,2564419.0
2020,Moldova,63899634.0,Moldova,53208849.0
2020,Mongolia,238203409.0,Mongolia,13501785.0
2020,Montenegro,42803070.0,Montenegro,5515584.0
2020,Montserrat,7233908.0,Montserrat,1415911.0
2020,Morocco,2399111156.0,Morocco,1196113041.0
2020,Mozambique,160323046.0,Mozambique,126225488.0
2020,Namibia,136806861.0,Namibia,85305136.0
2020,Nauru,575641.0,Nauru,3727576.0
2020,Nepal,162636686.0,Nepal,106771493.0
2020,Netherlands,42330168339.0,Netherlands,21405259263.0
2020,New Caledonia,46462725.0,New Caledonia,30052610.000000004
2020,New Zealand,3216979670.0,New Zealand,4477985591.0
2020,Nicaragua,1595341771.0,Nicaragua,3306468468.0
2020,Niger,274763878.0,Niger,22397888.0
2020,Nigeria,2695719305.0,Nigeria,1522098093.0
2020,Niue,165570.0,Niue,484876.0
2020,Norfolk Island,10656141.0,Norfolk Island,38783.0
2020,North Macedonia,228684989.0,North Macedonia,144205073.0
2020,Norway,4357185348.0,Norway,3626812950.0
2020,Oman,1007856963.0,Oman,980325206.0
2020,Pakistan,3168793003.9999995,Pakistan,3993865165.0
2020,Palau,18058467.0,Palau,480442.0
2020,Palestine,2304972.0,Palestine,5696031.0
2020,Panama,4725353482.0,Panama,646683525.0
2020,Papua New Guinea,71738599.0,Papua New Guinea,87252922.0
2020,Paraguay,779242494.0,Paraguay,184214691.0
2020,Peru,6870689058.0,Peru,6361419411.0
2020,Philippines,7311847568.0,Philippines,11617165705.0
2020,Poland,5692459722.0,Poland,7950865375.0
2020,Portugal,1505418461.0,Portugal,3621820710.0
2020,Qatar,3045464896.0,Qatar,1012761338.0
2020,Republic of the Congo,147806106.0,Republic of the Congo,145751385.0
2020,Romania,1058052017.0,Romania,2052152611.0
2020,Russia,6302859767.0,Russia,11759698299.0
2020,Rwanda,24665555.0,Rwanda,32951016.0
2020,Saint Helena,4757955.0,Saint Helena,5152090.0
2020,Saint Kitts and Nevis,119965946.0,Saint Kitts and Nevis,39825652.0
2020,Saint Lucia,561160698.0,Saint Lucia,7428651.0
2020,Saint Martin,318379861.0,Saint Martin,1728112.0
2020,Saint Pierre and Miquelon,231405.0,Saint Pierre and Miquelon,31572.0
2020,Saint Vincent and the Grenadines,67829578.0,Saint Vincent and the Grenadines,5199679.0
2020,Samoa,24773962.0,Samoa,5030518.0
2020,San Marino,2009485.0,San Marino,12438924.0
2020,Sao Tome and Principe,711660.0,Sao Tome and Principe,643000.0
2020,Saudi Arabia,10148473061.0,Saudi Arabia,9242735632.0
2020,Senegal,292760450.0,Senegal,126988211.0
2020,Serbia,387601990.0,Serbia,420495720.0
2020,Seychelles,18048838.0,Seychelles,11360597.0
2020,Sierra Leone,69094954.0,Sierra Leone,31978110.0
2020,Singapore,28448116924.0,Singapore,26254468553.0
2020,Slovakia,666475562.0,Slovakia,5090899241.0
2020,Slovenia,542330297.0,Slovenia,867680183.0
2020,Solomon Islands,2873123.0,Solomon Islands,3409422.0
2020,Somalia,56387460.0,Somalia,499076.0
2020,South Africa,4461573912.0,South Africa,10690359401.0
2020,South Korea,55645027956.0,South Korea,75826404942.0
2020,South Sudan,38946414.0,South Sudan,111962.0
2020,Spain,14358650034.0,Spain,15167351546.0
2020,Sri Lanka,478373442.0,Sri Lanka,2551757610.0
2020,Sudan,66891436.0,Sudan,85746299.0
2020,Suriname,246023383.0,Suriname,180446506.0
2020,Sweden,4299237208.0,Sweden,12649003379.0
2020,Switzerland,20511218783.0,Switzerland,64901906016.0
2020,Syria,2051141.0,Syria,9837118.0
2020,Tajikistan,6272221.0,Tajikistan,708768.0
2020,Tanzania,289291724.0,Tanzania,133294702.0
2020,Thailand,11900855189.0,Thailand,37854185904.0
2020,Timor-Leste,15339437.000000002,Timor-Leste,7690474.0
2020,Togo,327096873.0,Togo,21813274.0
2020,Tokelau,49841.0,Tokelau,1057976.0
2020,Tonga,11903877.0,Tonga,3262006.0
2020,Trinidad and Tobago,2183573625.0,Trinidad and Tobago,2528969556.0
2020,Tunisia,525022358.0,Tunisia,545556582.0
2020,Turkey,11363096810.0,Turkey,10711727524.0
2020,Turkmenistan,32618756.0,Turkmenistan,14933523.0
2020,Turks and Caicos Islands,150711086.0,Turks and Caicos Islands,2921075.0
2020,Tuvalu,1592087.0,Tuvalu,40818.0
2020,Uganda,121717432.0,Uganda,67593786.0
2020,Ukraine,2554230116.0,Ukraine,1133133753.0
2020,United Arab Emirates,13765865378.0,United Arab Emirates,3951096041.0
2020,United Kingdom,43943759780.0,United Kingdom,50360961687.0
2020,Uruguay,996722592.0,Uruguay,559047386.0
2020,Uzbekistan,258955252.0,Uzbekistan,67797507.0
2020,Vanuatu,4058326.0,Vanuatu,5465923.0
2020,Venezuela,1090562760.0,Venezuela,174012527.0
2020,Vietnam,10998718712.0,Vietnam,78608310305.0
2020,Wallis and Futuna,122726.0,Wallis and Futuna,745891.0
2020,Yemen,308731699.0,Yemen,4006723.0
2020,Zambia,113963579.0,Zambia,42531426.0
2020,Zimbabwe,60227824.0,Zimbabwe,37652707.0
2021,Afghanistan,223592690.0,Afghanistan,21674056.0
2021,Albania,96155134.0,Albania,65756491.0
2021,Algeria,757042741.0,Algeria,1903230458.9999998
2021,Andorra,4675979.0,Andorra,8154708.999999999
2021,Angola,480992650.0,Angola,532004388.0
2021,Anguilla,70255150.0,Anguilla,488776.0
2021,Antigua and Barbuda,482534077.0,Antigua and Barbuda,5049095.0
2021,Argentina,6264395733.0,Argentina,4705525297.0
2021,Armenia,105963349.0,Armenia,92103203.0
2021,Aruba,505366917.0,Aruba,4901682.0
2021,Australia,26285200637.0,Australia,11540697502.0
2021,Austria,5342237644.0,Austria,13729649285.0
2021,Azerbaijan,352486687.0,Azerbaijan,112887359.0
2021,Bahamas,2606068163.0,Bahamas,286027748.0
2021,Bahrain,734115182.0,Bahrain,1272154052.0
2021,Bangladesh,2303673347.0,Bangladesh,8734350575.0
2021,Barbados,736465793.0,Barbados,70645961.0
2021,Belarus,380485190.0,Belarus,519268607.0
2021,Belgium,29770836422.0,Belgium,22315806935.0
2021,Belize,406086724.0,Belize,76361702.0
2021,Benin,296798471.0,Benin,7268222.0
2021,Bermuda,479281643.0,Bermuda,23977918.0
2021,Bhutan,5826803.0,Bhutan,336326.0
2021,Bolivia,628122621.0,Bolivia,566720869.0
2021,Bosnia and Herzegovina,315526502.0,Bosnia and Herzegovina,148894317.0
2021,Botswana,57720802.0,Botswana,202962437.0
2021,Brazil,41062845105.0,Brazil,31865922101.0
2021,British Indian Ocean Territory,5840473.0,British Indian Ocean Territory,384788.0
2021,British Virgin Islands,237053165.00000003,British Virgin Islands,1703580.0
2021,Brunei,191326571.0,Brunei,13890252.0
2021,Bulgaria,347509914.0,Bulgaria,1174377379.0
2021,Burkina Faso,282677513.0,Burkina Faso,57816388.0
2021,Burma,210293152.0,Burma,1020889148.0
2021,Burundi,12346629.0,Burundi,4033058.0
2021,Cambodia,466782951.0,Cambodia,9486213393.0
2021,Cameroon,184682701.0,Cameroon,136694409.0
2021,Canada,259550583884.0,Canada,355684456249.0
2021,Cape Verde,25415900.0,Cape Verde,5013721.0
2021,Cayman Islands,922476345.0,Cayman Islands,12558856.0
2021,Central African Republic,15997711.0,Central African Republic,565976.0
2021,Chad,35229950.0,Chad,4134426.0
2021,Chile,15955560689.0,Chile,14958524640.0
2021,China,152260014383.0,China,525203567230.0
2021,Chinese Taipei,35657957171.0,Chinese Taipei,73823421937.0
2021,Christmas Island,709549.0,Christmas Island,563832.0
2021,Cocos (Keeling) Islands,731752.0,Cocos (Keeling) Islands,2713011.0
2021,Colombia,14609653836.0,Colombia,11201261265.0
2021,Comoros,1886797.0,Comoros,6318251.0
2021,Cook Islands,3379163.0,Cook Islands,1132830.0
2021,Costa Rica,6916693727.0,Costa Rica,6395164778.0
2021,Cote d\'Ivoire,524956434.0,Cote d\'Ivoire,1356483585.0
2021,Croatia,915164294.0,Croatia,862203274.0
2021,Cuba,308886280.0,Cuba,2902398.9999999995
2021,Curaçao,334645356.0,Curaçao,37223982.0
2021,Cyprus,144060402.0,Cyprus,69136228.0
2021,Czechia,4279237808.0,Czechia,5674072654.0
2021,Democratic Republic of the Congo,216258259.0,Democratic Republic of the Congo,271125566.0
2021,Denmark,4093830559.0,Denmark,12566909191.0
2021,Djibouti,175754736.0,Djibouti,1095010.0
2021,Dominica,484887125.0,Dominica,1537018.0
2021,Dominican Republic,11015853912.0,Dominican Republic,6789864178.0
2021,Ecuador,5457666918.0,Ecuador,6534586763.0
2021,Egypt,5328901147.0,Egypt,3441538170.0
2021,El Salvador,4127217559.0,El Salvador,2477716878.0
2021,Equatorial Guinea,46855307.0,Equatorial Guinea,281070244.0
2021,Eritrea,18609360.0,Eritrea,456459.0
2021,Estonia,497635002.0,Estonia,2164677629.0
2021,Eswatini,40602221.0,Eswatini,22313218.0
2021,Ethiopia,873517733.0,Ethiopia,553490487.0
2021,Falkland Islands,311805.0,Falkland Islands,12630822.0
2021,Fiji,228440798.0,Fiji,413059738.0
2021,Finland,2219634566.0,Finland,6622555721.0
2021,France,28303566107.0,France,42364014290.0
2021,French Polynesia,180745927.0,French Polynesia,43150719.0
2021,French South Antarctic Territory,4317773.0,French South Antarctic Territory,156953.0
2021,Gabon,243010131.00000003,Gabon,150259022.0
2021,Gambia,56904360.0,Gambia,1229448.0
2021,Georgia,675020561.0,Georgia,239284387.0
2021,Germany,70600069873.0,Germany,134998776173.0
2021,Ghana,948621169.0,Ghana,1769352361.9999998
2021,Gibraltar,569780836.0,Gibraltar,1717409.0
2021,Greece,1734576206.0,Greece,1713022059.0
2021,Greenland,11947857.0,Greenland,41502289.0
2021,Grenada,110304835.0,Grenada,15681305.0
2021,Guatemala,8377094016.0,Guatemala,4216416854.0
2021,Guinea,134003520.0,Guinea,8724853.0
2021,Guinea-Bissau,2424255.0,Guinea-Bissau,202649.0
2021,Guyana,872111664.0,Guyana,2311821042.0
2021,Haiti,1075952675.0,Haiti,1128555757.0
2021,Honduras,5996138479.0,Honduras,4879778765.0
2021,Hong Kong,28708305889.0,Hong Kong,2925098007.0
2021,Hungary,2781510981.0,Hungary,5160897406.0
2021,Iceland,546169364.0,Iceland,538635156.0
2021,India,40536079026.0,India,72200331335.0
2021,Indonesia,10672573722.0,Indonesia,26805502479.0
2021,Iran,97738225.0,Iran,1438113.0
2021,Iraq,767061673.0,Iraq,3882882938.0
2021,Ireland,18726282942.0,Ireland,59766152878.0
2021,Israel,9224316062.0,Israel,17449944174.0
2021,Italy,19255719121.0,Italy,57806105989.0
2021,Jamaica,2217555645.0,Jamaica,658425675.0
2021,Japan,73642058522.0,Japan,131676873134.0
2021,Jordan,1352253207.0,Jordan,3528430466.0
2021,Kazakhstan,1180817517.0,Kazakhstan,1082967737.0
2021,Kenya,667142096.0,Kenya,577030245.0
2021,Kiribati,3420523.0,Kiribati,1177351.0
2021,Kuwait,2876988965.0,Kuwait,1050954627.0
2021,Kyrgyzstan,66770969.0,Kyrgyzstan,8564981.0
2021,Laos,75582063.0,Laos,205039774.0
2021,Latvia,251069807.0,Latvia,623292180.0
2021,Lebanon,808638754.0,Lebanon,198294134.0
2021,Lesotho,7847022.0,Lesotho,328921552.0
2021,Liberia,135510808.0,Liberia,79458264.0
2021,Libya,285360350.0,Libya,2220022528.0
2021,Lithuania,1215357111.0,Lithuania,2238853981.0
2021,Luxembourg,1010486245.0,Luxembourg,535162468.0
2021,Macau,369767747.0,Macau,121213041.0
2021,Madagascar,60769066.0,Madagascar,617373949.0
2021,Malawi,49696337.0,Malawi,49308433.0
2021,Malaysia,16329327353.0,Malaysia,49893333905.0
2021,Maldives,49217932.0,Maldives,12565246.0
2021,Mali,92356536.0,Mali,2886802.0
2021,Malta,150007324.0,Malta,240575023.0
2021,Marshall Islands,200896484.00000003,Marshall Islands,16136154.0
2021,Mauritania,143013327.0,Mauritania,4484706.0
2021,Mauritius,153510593.0,Mauritius,175715251.0
2021,Mexico,254082547189.0,Mexico,371307832923.0
2021,Micronesia,42231548.0,Micronesia,1989356.0
2021,Moldova,101759291.0,Moldova,59823524.0
2021,Mongolia,217251195.0,Mongolia,40604335.0
2021,Montenegro,37264318.0,Montenegro,7890202.0
2021,Montserrat,7169240.0,Montserrat,1638767.0
2021,Morocco,3343154007.0,Morocco,1404602617.0
2021,Mozambique,258566874.0,Mozambique,156526197.00000003
2021,Namibia,145613145.0,Namibia,135215378.0
2021,Nauru,1248382.0,Nauru,2239274.0
2021,Nepal,284025893.0,Nepal,136236696.0
2021,Netherlands,50792084958.0,Netherlands,27317309447.0
2021,New Caledonia,56583095.0,New Caledonia,44435745.0
2021,New Zealand,3747272698.0,New Zealand,4913902744.0
2021,Nicaragua,2166882513.0,Nicaragua,3792264029.0
2021,Niger,203741102.0,Niger,15863817.0
2021,Nigeria,3612635410.0,Nigeria,3543031410.0
2021,Niue,87848.0,Niue,164635.0
2021,Norfolk Island,4133406.0,Norfolk Island,45813.0
2021,North Macedonia,199475108.0,North Macedonia,126899298.0
2021,Norway,5377890780.0,Norway,5227617535.0
2021,Oman,930451210.0,Oman,1945398106.0
2021,Pakistan,4008310684.0,Pakistan,5372578385.0
2021,Palau,22784007.0,Palau,486328.0
2021,Palestine,2265048.0,Palestine,7348554.0
2021,Panama,6209502902.0,Panama,391535583.0
2021,Papua New Guinea,59755055.0,Papua New Guinea,97558365.0
2021,Paraguay,1189473038.0,Paraguay,232095200.0
2021,Peru,9851300384.0,Peru,7426792353.0
2021,Philippines,8450798565.0,Philippines,14417352417.0
2021,Poland,7837537417.0,Poland,9369293016.0
2021,Portugal,2388028763.0,Portugal,4716595179.0
2021,Qatar,2740565688.0,Qatar,1717956229.0
2021,Republic of the Congo,111906887.0,Republic of the Congo,52149209.0
2021,Romania,893997327.0,Romania,2854126153.0
2021,Russia,8050325286.0,Russia,27326258974.0
2021,Rwanda,43331599.0,Rwanda,31172196.999999996
2021,Saint Helena,13053072.0,Saint Helena,32006788.0
2021,Saint Kitts and Nevis,130264689.0,Saint Kitts and Nevis,35862647.0
2021,Saint Lucia,478131145.0,Saint Lucia,8385343.0
2021,Saint Martin,345319855.0,Saint Martin,2218526.0
2021,Saint Pierre and Miquelon,3697.0,Saint Pierre and Miquelon,13595.0
2021,Saint Vincent and the Grenadines,87825523.0,Saint Vincent and the Grenadines,5085710.0
2021,Samoa,42758541.0,Samoa,13686231.0
2021,San Marino,1190292.0,San Marino,13930309.0
2021,Sao Tome and Principe,3102791.0,Sao Tome and Principe,1244189.0
2021,Saudi Arabia,12097086544.0,Saudi Arabia,14266292869.0
2021,Senegal,390060591.0,Senegal,172179278.0
2021,Serbia,396439885.0,Serbia,555298268.0
2021,Seychelles,20656208.0,Seychelles,14220956.0
2021,Sierra Leone,109123067.0,Sierra Leone,16349240.0
2021,Singapore,35619284167.0,Singapore,26142498003.0
2021,Slovakia,719806731.0,Slovakia,3507038812.0
2021,Slovenia,552100937.0,Slovenia,1276515198.0
2021,Solomon Islands,5514498.0,Solomon Islands,1905110.0
2021,Somalia,50020198.0,Somalia,1171860.0
2021,South Africa,5561139170.0,South Africa,14253929918.0
2021,South Korea,70286396434.0,South Korea,96121743185.0
2021,South Sudan,57577040.0,South Sudan,85105.0
2021,Spain,18274899588.0,Spain,18312751197.0
2021,Sri Lanka,532894744.0,Sri Lanka,3081715434.0
2021,Sudan,137083355.0,Sudan,19182126.0
2021,Suriname,277880674.0,Suriname,66029802.0
2021,Sweden,5383030731.0,Sweden,15079141392.0
2021,Switzerland,24099905491.0,Switzerland,50695386851.0
2021,Syria,1133712.0,Syria,8887210.0
2021,Tajikistan,14951394.0,Tajikistan,808323.0
2021,Tanzania,344393727.0,Tanzania,102740181.0
2021,Thailand,13091729867.0,Thailand,48833259848.0
2021,Timor-Leste,12429974.0,Timor-Leste,14373191.0
2021,Togo,229478627.0,Togo,20517931.0
2021,Tonga,15401815.0,Tonga,3412612.0
2021,Trinidad and Tobago,2382729977.0,Trinidad and Tobago,4345823285.0
2021,Tunisia,555221933.0,Tunisia,718104080.0
2021,Turkey,12739668557.0,Turkey,15029527494.0
2021,Turkmenistan,78821587.0,Turkmenistan,24431619.0
2021,Turks and Caicos Islands,218857281.0,Turks and Caicos Islands,2868702.0
2021,Tuvalu,461533.0,Tuvalu,85475.0
2021,Uganda,178409635.0,Uganda,87883573.0
2021,Ukraine,3265497317.0,Ukraine,1736624975.9999998
2021,United Arab Emirates,15549261793.0,United Arab Emirates,5719002111.0
2021,United Kingdom,57500489683.0,United Kingdom,55299629159.0
2021,Uruguay,1248941193.0,Uruguay,609167765.0
2021,Uzbekistan,260720252.0,Uzbekistan,107670194.0
2021,Vanuatu,2719310.0,Vanuatu,6624741.999999999
2021,Venezuela,1548120478.0,Venezuela,319111427.0
2021,Vietnam,12199447484.0,Vietnam,101400926332.0
2021,Wallis and Futuna,24517.0,Wallis and Futuna,106910.0
2021,Yemen,267660063.0,Yemen,10550799.0
2021,Zambia,163239482.0,Zambia,201602294.0
2021,Zimbabwe,56352966.0,Zimbabwe,40349090.0
2022,Afghanistan,20985196.0,Afghanistan,23259819.0
2022,Albania,101984705.0,Albania,150393204.0
2022,Algeria,1187463748.0,Algeria,3151318258.0
2022,Andorra,3481570.0,Andorra,9800275.0
2022,Angola,775230929.0,Angola,1321436903.0
2022,Anguilla,75386631.0,Anguilla,629179.0
2022,Antigua and Barbuda,885308993.0000001,Antigua and Barbuda,5656315.0
2022,Argentina,10723556734.0,Argentina,7096700893.0
2022,Armenia,397928233.0,Armenia,84238339.0
2022,Aruba,601257419.0,Aruba,3345445.0
2022,Australia,30031886579.0,Australia,14085797494.0
2022,Austria,4539214005.0,Austria,15886050261.0
2022,Azerbaijan,357584858.0,Azerbaijan,129918370.0
2022,Bahamas,4825917216.0,Bahamas,1541728419.0
2022,Bahrain,782729246.0,Bahrain,1785649991.0
2022,Bangladesh,2757244232.0,Bangladesh,11740474118.0
2022,Barbados,887065929.0,Barbados,90523150.0
2022,Belarus,38820186.0,Belarus,222021768.0
2022,Belgium,30675060348.0,Belgium,27875953812.0
2022,Belize,560806467.0,Belize,101966959.0
2022,Benin,372625761.0,Benin,4905978.0
2022,Bermuda,568790984.0,Bermuda,10162981.0
2022,Bhutan,4731031.0,Bhutan,290514.0
2022,Bolivia,580206382.0,Bolivia,392821284.0
2022,Bosnia and Herzegovina,506607514.0,Bosnia and Herzegovina,145863216.0
2022,Botswana,112680784.0,Botswana,349733856.0
2022,Brazil,49694087784.0,Brazil,36050882834.0
2022,British Indian Ocean Territory,4655982.0,British Indian Ocean Territory,380562.0
2022,British Virgin Islands,338503581.0,British Virgin Islands,1443623.0
2022,Brunei,211638239.0,Brunei,115068015.0
2022,Bulgaria,864183298.0,Bulgaria,1412165271.0
2022,Burkina Faso,216082132.0,Burkina Faso,45287260.0
2022,Burma,190990111.0,Burma,1143201854.0
2022,Burundi,11856735.0,Burundi,7921915.000000001
2022,Cambodia,509275132.0,Cambodia,12789696194.0
2022,Cameroon,198931115.0,Cameroon,112089156.0
2022,Canada,303217043072.0,Canada,436982666830.0
2022,Cape Verde,20381051.0,Cape Verde,5437780.0
2022,Cayman Islands,1039921294.0,Cayman Islands,40219643.0
2022,Central African Republic,75273272.0,Central African Republic,869803.0
2022,Chad,78867855.0,Chad,4767931.0
2022,Chile,21813084032.0,Chile,13878974721.0
2022,China,150927986256.0,China,549745379862.0
2022,Chinese Taipei,41332235812.0,Chinese Taipei,85698622459.0
2022,Christmas Island,1362640.0,Christmas Island,873126.0
2022,Cocos (Keeling) Islands,1924417.0,Cocos (Keeling) Islands,1358111.0
2022,Colombia,19319792954.0,Colombia,14848147196.0
2022,Comoros,2171444.0,Comoros,5614152.000000001
2022,Cook Islands,3637301.0,Cook Islands,1008936.0
2022,Costa Rica,8116928473.0,Costa Rica,7046056893.0
2022,Cote d\'Ivoire,694214039.0,Cote d\'Ivoire,1112348384.0
2022,Croatia,3740201542.9999995,Croatia,755236151.0
2022,Cuba,340558951.0,Cuba,5597674.0
2022,Curaçao,453750777.0,Curaçao,43250875.0
2022,Cyprus,118359587.0,Cyprus,76398332.0
2022,Czechia,4827034315.0,Czechia,6810217693.0
2022,Democratic Republic of the Congo,147580994.0,Democratic Republic of the Congo,179981178.0
2022,Denmark,4762417369.0,Denmark,13354942819.0
2022,Djibouti,169877123.0,Djibouti,7085117.0
2022,Dominica,183840385.0,Dominica,1274620.0
2022,Dominican Republic,13772542784.0,Dominican Republic,7007633233.0
2022,Ecuador,8266171487.0,Ecuador,9868876367.0
2022,Egypt,6549241729.0,Egypt,3241585929.0
2022,El Salvador,5016326595.0,El Salvador,2678363515.0
2022,Equatorial Guinea,68178920.0,Equatorial Guinea,229732438.00000003
2022,Eritrea,31536615.0,Eritrea,333841.0
2022,Estonia,520426153.0,Estonia,1401420794.0
2022,Eswatini,68882897.0,Eswatini,13922881.0
2022,Ethiopia,1111810961.0,Ethiopia,632769893.0
2022,Falkland Islands,149684.0,Falkland Islands,32087510.0
2022,Fiji,76710586.0,Fiji,534312915.0
2022,Finland,3550089803.0,Finland,9525802032.0
2022,France,43537309371.0,France,49075414844.0
2022,French Polynesia,203497354.0,French Polynesia,34059822.0
2022,French South Antarctic Territory,2344218.0,French South Antarctic Territory,51588.0
2022,Gabon,131048571.0,Gabon,231635837.0
2022,Gambia,66313077.0,Gambia,1390914.0
2022,Georgia,1047056978.0000001,Georgia,330873122.0
2022,Germany,74738515102.0,Germany,151738301355.0
2022,Ghana,938164047.0,Ghana,2830965853.0
2022,Gibraltar,140586556.0,Gibraltar,2151976.0
2022,Greece,3487646640.0,Greece,2506899462.0
2022,Greenland,6049379.0,Greenland,36612031.0
2022,Grenada,156366696.0,Grenada,17558424.0
2022,Guatemala,10264683969.000002,Guatemala,5102259811.0
2022,Guinea,106501767.0,Guinea,6807658.0
2022,Guinea-Bissau,2330728.0,Guinea-Bissau,15947.999999999998
2022,Guyana,1048239592.0,Guyana,2857067394.0000005
2022,Haiti,1201079911.0,Haiti,1079234982.0
2022,Honduras,7541868323.0,Honduras,6308998357.0
2022,Hong Kong,25761595517.0,Hong Kong,3871782849.0
2022,Hungary,2687502691.0,Hungary,6720202609.0
2022,Iceland,486228519.0,Iceland,653445471.0
2022,India,50113820272.0,India,83503506407.0
2022,Indonesia,11084444860.0,Indonesia,32487608256.0
2022,Iran,45496846.0,Iran,11150916.0
2022,Iraq,897399090.0,Iraq,10329052140.0
2022,Ireland,21010982430.0,Ireland,71118736534.0
2022,Israel,10694079963.0,Israel,20564219083.0
2022,Italy,24946016168.0,Italy,67530793142.0
2022,Jamaica,2860652493.0,Jamaica,991552523.0
2022,Japan,81412464228.0,Japan,141253057626.0
2022,Jordan,1370264466.0,Jordan,3193968394.0
2022,Kazakhstan,1523042719.0,Kazakhstan,2224080363.0
2022,Kenya,686273150.0,Kenya,719230802.0
2022,Kiribati,6691798.0,Kiribati,1297406.0
2022,Kuwait,5494101073.0,Kuwait,2513224624.0
2022,Kyrgyzstan,155361091.0,Kyrgyzstan,9523864.0
2022,Laos,39567928.0,Laos,280885619.0
2022,Latvia,312430794.0,Latvia,775592539.0
2022,Lebanon,1021218632.0,Lebanon,215726127.0
2022,Lesotho,8113157.000000001,Lesotho,321616359.0
2022,Liberia,247264141.0,Liberia,89552349.0
2022,Libya,284443964.0,Libya,2242360326.0
2022,Lithuania,3854568549.0,Lithuania,2716578760.0
2022,Luxembourg,927692084.0,Luxembourg,629855666.0
2022,Macau,373574687.0,Macau,138717429.0
2022,Madagascar,99475261.0,Madagascar,787189711.0
2022,Malawi,47762110.0,Malawi,59286814.0
2022,Malaysia,20176140544.0,Malaysia,49595927462.0
2022,Maldives,130479586.0,Maldives,12425822.999999998
2022,Mali,82566223.0,Mali,4260042.0
2022,Malta,229772195.0,Malta,251453883.0
2022,Marshall Islands,211988602.00000003,Marshall Islands,17605660.0
2022,Mauritania,163522242.0,Mauritania,7296559.0
2022,Mauritius,200257551.0,Mauritius,190392106.0
2022,Mexico,299188603998.0,Mexico,425089309230.0
2022,Micronesia,53872929.0,Micronesia,1768746.0
2022,Moldova,125651519.0,Moldova,80606176.0
2022,Mongolia,267330105.0,Mongolia,23879917.0
2022,Montenegro,61995064.0,Montenegro,6653714.0
2022,Montserrat,21020137.0,Montserrat,1544285.0
2022,Morocco,4588198605.0,Morocco,1835408457.0
2022,Mozambique,253193302.99999997,Mozambique,194195503.0
2022,Namibia,262691068.0,Namibia,203825038.0
2022,Nauru,982627.0,Nauru,2525666.0
2022,Nepal,275012863.0,Nepal,148032079.0
2022,Netherlands,66461953738.0,Netherlands,27717613281.0
2022,New Caledonia,60618285.0,New Caledonia,45102645.0
2022,New Zealand,4337378343.0,New Zealand,5222488118.0
2022,Nicaragua,2867215312.0,Nicaragua,4061646348.0
2022,Niger,145989599.0,Niger,8552469.0
2022,Nigeria,3270968360.0,Nigeria,4839001077.0
2022,Niue,457505.0,Niue,2484233.0
2022,Norfolk Island,48655.0,Norfolk Island,271019.0
2022,North Macedonia,177300641.0,North Macedonia,173654207.0
2022,Norway,5604500214.0,Norway,5866672315.0
2022,Oman,1153559051.0,Oman,2818098738.0
2022,Pakistan,3369767556.0,Pakistan,6248543732.0
2022,Palau,20986078.0,Palau,539834.0
2022,Palestine,14006996.0,Palestine,11130101.0
2022,Panama,10709298873.0,Panama,387467293.0
2022,Papua New Guinea,97098305.0,Papua New Guinea,75795502.99999999
2022,Paraguay,1586923673.0,Paraguay,274503094.0
2022,Peru,14111755228.0,Peru,8691289591.0
2022,Philippines,8641783478.0,Philippines,16364759867.0
2022,Pitcairn Islands,12907.0,Pitcairn Islands,502451.0
2022,Poland,11666838618.0,Poland,11489308264.0
2022,Portugal,3478420554.0,Portugal,5903024093.0
2022,Qatar,3983882628.0,Qatar,2950810279.0
2022,Republic of the Congo,174244595.0,Republic of the Congo,150000177.0
2022,Romania,1230128662.0,Romania,3453645805.0
2022,Russia,1625873151.0,Russia,14994064940.0
2022,Rwanda,58465849.00000001,Rwanda,58533735.0
2022,Saint Helena,9498930.0,Saint Helena,21229845.000000004
2022,Saint Kitts and Nevis,152369923.0,Saint Kitts and Nevis,26734065.0
2022,Saint Lucia,867951060.0000001,Saint Lucia,9204171.0
2022,Saint Martin,659681999.0,Saint Martin,3693565.0
2022,Saint Pierre and Miquelon,125649.0,Saint Pierre and Miquelon,16041.0
2022,Saint Vincent and the Grenadines,132980174.00000001,Saint Vincent and the Grenadines,8144099.0
2022,Samoa,33935298.0,Samoa,9863279.0
2022,San Marino,803348.0,San Marino,20016515.0
2022,Sao Tome and Principe,4111063.0,Sao Tome and Principe,849450.0
2022,Saudi Arabia,11010374782.0,Saudi Arabia,23891269871.0
2022,Senegal,387276291.0,Senegal,524587103.0
2022,Serbia,622683673.0,Serbia,619254447.0
2022,Seychelles,22708415.0,Seychelles,15330483.000000002
2022,Sierra Leone,99639184.0,Sierra Leone,17739743.0
2022,Singapore,43198063887.0,Singapore,28441973979.0
2022,Slovakia,763251940.0,Slovakia,4197697712.0
2022,Slovenia,729661277.0,Slovenia,1151502283.0
2022,Solomon Islands,6512174.0,Solomon Islands,1458647.0
2022,Somalia,83787738.0,Somalia,477322.0
2022,South Africa,6073241753.0,South Africa,11181737889.0
2022,South Korea,78160058193.0,South Korea,113785233256.0
2022,South Sudan,38543938.0,South Sudan,30242.0
2022,Spain,31292176500.0,Spain,21785063529.0
2022,Sri Lanka,388746905.0,Sri Lanka,3623328637.0
2022,Sudan,125855406.0,Sudan,37996156.0
2022,Suriname,476511003.0,Suriname,64128523.0
2022,Sweden,7554897044.0,Sweden,17717299495.0
2022,Switzerland,38053318444.0,Switzerland,49777333582.0
2022,Syria,1644017.0,Syria,9071933.0
2022,Tajikistan,42675283.0,Tajikistan,1443131.0
2022,Tanzania,312683097.0,Tanzania,167929772.0
2022,Thailand,16493405980.0,Thailand,57684122582.0
2022,Timor-Leste,27687369.000000004,Timor-Leste,12614865.0
2022,Togo,413385732.0,Togo,90492250.0
2022,Tonga,12626389.0,Tonga,3939518.0
2022,Trinidad and Tobago,2624824249.0,Trinidad and Tobago,5516050734.0
2022,Tunisia,750154428.0,Tunisia,819028609.0
2022,Turkey,15016029678.0,Turkey,17478666803.0
2022,Turkmenistan,48718274.0,Turkmenistan,48787630.0
2022,Turks and Caicos Islands,331848631.0,Turks and Caicos Islands,5385174.0
2022,Tuvalu,863305.0,Tuvalu,191230.0
2022,Uganda,137029612.0,Uganda,175083491.0
2022,Ukraine,1987921781.0,Ukraine,979653238.0
2022,United Arab Emirates,19804715370.0,United Arab Emirates,7563827060.0
2022,United Kingdom,75337551681.0,United Kingdom,60895452954.0
2022,Uruguay,2160426429.0,Uruguay,823940518.0000001
2022,Uzbekistan,305112904.0,Uzbekistan,58401219.0
2022,Vanuatu,8668489.0,Vanuatu,7043154.0
2022,Venezuela,2209575812.0,Venezuela,437889236.0
2022,Vietnam,11933948632.0,Vietnam,120603674011.0
2022,Wallis and Futuna,25494.0,Wallis and Futuna,112969.0
2022,Yemen,377552927.0,Yemen,31815320.0
2022,Zambia,198416977.0,Zambia,127568941.0
2022,Zimbabwe,50876433.0,Zimbabwe,88677439.0
